{"score": 0.0, "cost": 0.09, "_timestamp": 1698598660.530598, "_runtime": 82.98744797706604, "_step": 0, "_wandb": {"runtime": 77}}