{"score": 0.0, "cost": 0.002, "_timestamp": 1698589518.8310761, "_runtime": 639.1374702453613, "_step": 0, "_wandb": {"runtime": 638}}