{"score": 0.5, "cost": 0.043, "_timestamp": 1698588832.038243, "_runtime": 55.751166105270386, "_step": 0, "_wandb": {"runtime": 55}}