{"score": 0.5, "cost": 0.013, "_timestamp": 1698588868.799826, "_runtime": 25.327471017837524, "_step": 0, "_wandb": {"runtime": 24}}