{"score": 0.0, "cost": 0.01, "_timestamp": 1698598733.033872, "_runtime": 30.273159980773926, "_step": 0, "_wandb": {"runtime": 29}}