{"score": 0.0, "cost": 0.013, "_timestamp": 1698598812.309472, "_runtime": 26.76895809173584, "_step": 0, "_wandb": {"runtime": 25}}