{"score": 0.5, "cost": 0.053, "_timestamp": 1698588759.912391, "_runtime": 56.956591844558716, "_step": 0, "_wandb": {"runtime": 56}}