{"score": 0.5, "cost": 0.002, "_timestamp": 1698598693.8820622, "_runtime": 22.426732301712036, "_step": 0, "_wandb": {"runtime": 21}}