{"score": 0.5, "cost": 0.014, "_timestamp": 1698589553.9572248, "_runtime": 24.02945375442505, "_step": 0, "_wandb": {"runtime": 23}}