{"score": 0.0, "cost": 0.013, "_timestamp": 1698598772.6689541, "_runtime": 28.612643241882324, "_step": 0, "_wandb": {"runtime": 27}}